Prediction,Logits,TrueLabels
0,"tensor([0.8568, 0.1432])",0
1,"tensor([0.2515, 0.7485])",0
0,"tensor([0.6508, 0.3492])",0
1,"tensor([0.2683, 0.7317])",0
0,"tensor([0.7019, 0.2981])",0
0,"tensor([0.9167, 0.0833])",0
0,"tensor([0.6507, 0.3493])",0
0,"tensor([0.6158, 0.3842])",0
0,"tensor([0.9488, 0.0512])",0
1,"tensor([0.1617, 0.8383])",0
0,"tensor([0.6234, 0.3766])",0
0,"tensor([0.9554, 0.0446])",0
1,"tensor([0.3696, 0.6304])",0
0,"tensor([0.6197, 0.3803])",0
0,"tensor([0.6964, 0.3036])",0
1,"tensor([0.4607, 0.5393])",0
0,"tensor([0.7031, 0.2969])",0
0,"tensor([0.8325, 0.1675])",0
1,"tensor([0.0274, 0.9726])",0
0,"tensor([0.9932, 0.0068])",0
1,"tensor([0.4630, 0.5370])",0
0,"tensor([0.9856, 0.0144])",0
0,"tensor([0.8169, 0.1831])",0
1,"tensor([0.1126, 0.8874])",0
0,"tensor([0.6233, 0.3767])",0
1,"tensor([0.2704, 0.7296])",0
0,"tensor([0.7431, 0.2569])",0
1,"tensor([0.3802, 0.6198])",0
1,"tensor([0.3820, 0.6180])",0
0,"tensor([0.6795, 0.3205])",0
0,"tensor([0.7922, 0.2078])",0
0,"tensor([0.9251, 0.0749])",0
1,"tensor([0.4961, 0.5039])",0
1,"tensor([0.4176, 0.5824])",0
0,"tensor([0.5409, 0.4591])",0
0,"tensor([0.8379, 0.1621])",0
0,"tensor([0.9704, 0.0296])",0
1,"tensor([0.2844, 0.7156])",0
0,"tensor([0.7614, 0.2386])",0
0,"tensor([0.9532, 0.0468])",0
0,"tensor([0.5981, 0.4019])",0
0,"tensor([0.7908, 0.2092])",0
0,"tensor([0.9294, 0.0706])",0
0,"tensor([0.7340, 0.2660])",0
0,"tensor([0.5459, 0.4541])",0
0,"tensor([0.6470, 0.3530])",0
1,"tensor([0.0961, 0.9039])",0
1,"tensor([0.2685, 0.7315])",0
0,"tensor([0.8940, 0.1060])",0
0,"tensor([0.8936, 0.1064])",0
0,"tensor([0.7863, 0.2137])",0
0,"tensor([0.7694, 0.2306])",0
0,"tensor([0.9034, 0.0966])",0
1,"tensor([0.4073, 0.5927])",0
1,"tensor([0.2475, 0.7525])",0
0,"tensor([0.5120, 0.4880])",0
1,"tensor([0.4523, 0.5477])",0
0,"tensor([0.8830, 0.1170])",0
1,"tensor([0.4465, 0.5535])",0
0,"tensor([0.7710, 0.2290])",0
1,"tensor([0.1152, 0.8848])",0
0,"tensor([0.9272, 0.0728])",0
1,"tensor([0.2976, 0.7024])",0
0,"tensor([0.7009, 0.2991])",0
1,"tensor([0.1466, 0.8534])",0
1,"tensor([0.2103, 0.7897])",0
1,"tensor([0.3578, 0.6422])",0
0,"tensor([0.6400, 0.3600])",0
1,"tensor([0.0740, 0.9260])",0
0,"tensor([0.6839, 0.3161])",0
1,"tensor([0.2858, 0.7142])",0
0,"tensor([0.7567, 0.2433])",0
0,"tensor([0.5189, 0.4811])",0
1,"tensor([0.2526, 0.7474])",0
0,"tensor([0.7450, 0.2550])",0
0,"tensor([0.6205, 0.3795])",0
0,"tensor([0.8503, 0.1497])",0
0,"tensor([0.8461, 0.1539])",0
0,"tensor([0.8946, 0.1054])",0
1,"tensor([0.4691, 0.5309])",0
1,"tensor([0.3596, 0.6404])",0
1,"tensor([0.2466, 0.7534])",0
0,"tensor([0.7606, 0.2394])",0
1,"tensor([0.1779, 0.8221])",0
0,"tensor([0.6598, 0.3402])",0
0,"tensor([0.9857, 0.0143])",0
0,"tensor([0.5032, 0.4968])",0
0,"tensor([0.8474, 0.1526])",0
0,"tensor([0.9233, 0.0767])",0
0,"tensor([0.8584, 0.1416])",0
1,"tensor([0.3946, 0.6054])",0
0,"tensor([0.9036, 0.0964])",0
1,"tensor([0.2562, 0.7438])",0
1,"tensor([0.1098, 0.8902])",0
0,"tensor([0.8199, 0.1801])",0
0,"tensor([0.6445, 0.3555])",0
1,"tensor([0.3118, 0.6882])",0
1,"tensor([0.3665, 0.6335])",0
0,"tensor([0.9124, 0.0876])",0
1,"tensor([0.3941, 0.6059])",0
1,"tensor([0.1284, 0.8716])",0
1,"tensor([0.1240, 0.8760])",0
0,"tensor([0.5041, 0.4959])",0
0,"tensor([0.9257, 0.0743])",0
1,"tensor([0.4145, 0.5855])",0
1,"tensor([0.3495, 0.6505])",0
0,"tensor([0.8776, 0.1224])",0
0,"tensor([0.6367, 0.3633])",0
0,"tensor([0.8726, 0.1274])",0
0,"tensor([0.9725, 0.0275])",0
0,"tensor([0.8718, 0.1282])",0
0,"tensor([0.8826, 0.1174])",0
1,"tensor([0.4810, 0.5190])",0
0,"tensor([0.5080, 0.4920])",0
0,"tensor([0.9295, 0.0705])",0
0,"tensor([0.7266, 0.2734])",0
0,"tensor([0.9921, 0.0079])",0
0,"tensor([0.7938, 0.2062])",0
0,"tensor([0.6000, 0.4000])",0
0,"tensor([0.8231, 0.1769])",0
0,"tensor([0.6753, 0.3247])",0
0,"tensor([0.6299, 0.3701])",0
0,"tensor([0.8525, 0.1475])",0
1,"tensor([0.3568, 0.6432])",0
1,"tensor([0.4477, 0.5523])",0
1,"tensor([0.4938, 0.5062])",0
1,"tensor([0.3636, 0.6364])",0
0,"tensor([0.7599, 0.2401])",0
0,"tensor([0.7631, 0.2369])",0
0,"tensor([0.8163, 0.1837])",0
1,"tensor([0.2970, 0.7030])",0
0,"tensor([0.5393, 0.4607])",0
1,"tensor([0.4594, 0.5406])",0
1,"tensor([0.0527, 0.9473])",0
0,"tensor([0.7041, 0.2959])",0
1,"tensor([0.4739, 0.5261])",0
0,"tensor([0.7569, 0.2431])",0
0,"tensor([0.9366, 0.0634])",0
0,"tensor([0.5672, 0.4328])",0
1,"tensor([0.4644, 0.5356])",0
1,"tensor([0.2731, 0.7269])",0
0,"tensor([0.8866, 0.1134])",0
0,"tensor([0.5040, 0.4960])",0
0,"tensor([0.9203, 0.0797])",0
0,"tensor([0.9802, 0.0198])",0
0,"tensor([0.9658, 0.0342])",0
0,"tensor([0.7013, 0.2987])",0
1,"tensor([0.4711, 0.5289])",0
0,"tensor([0.9101, 0.0899])",0
1,"tensor([0.4181, 0.5819])",0
0,"tensor([0.9510, 0.0490])",0
0,"tensor([0.8197, 0.1803])",0
1,"tensor([0.0581, 0.9419])",0
0,"tensor([0.5628, 0.4372])",0
1,"tensor([0.2906, 0.7094])",0
0,"tensor([0.8120, 0.1880])",0
1,"tensor([0.1806, 0.8194])",0
0,"tensor([0.7175, 0.2825])",0
1,"tensor([0.1208, 0.8792])",0
1,"tensor([0.2233, 0.7767])",0
0,"tensor([0.7222, 0.2778])",0
1,"tensor([0.3508, 0.6492])",0
0,"tensor([0.5910, 0.4090])",0
0,"tensor([0.8811, 0.1189])",0
0,"tensor([0.7939, 0.2061])",0
0,"tensor([0.9290, 0.0710])",0
1,"tensor([0.2350, 0.7650])",0
1,"tensor([0.3312, 0.6688])",0
1,"tensor([0.2128, 0.7872])",0
0,"tensor([0.8313, 0.1687])",0
1,"tensor([0.1691, 0.8309])",0
1,"tensor([0.0589, 0.9411])",0
1,"tensor([0.2933, 0.7067])",0
0,"tensor([0.9347, 0.0653])",0
0,"tensor([0.5110, 0.4890])",0
1,"tensor([0.1815, 0.8185])",0
0,"tensor([0.8432, 0.1568])",0
1,"tensor([0.2713, 0.7287])",0
1,"tensor([0.0646, 0.9354])",0
0,"tensor([0.9756, 0.0244])",0
1,"tensor([0.3659, 0.6341])",0
0,"tensor([0.8830, 0.1170])",0
1,"tensor([0.3788, 0.6212])",0
0,"tensor([0.8924, 0.1076])",0
0,"tensor([0.8956, 0.1044])",0
0,"tensor([0.7028, 0.2972])",0
0,"tensor([0.9834, 0.0166])",0
0,"tensor([0.6826, 0.3174])",0
0,"tensor([0.9909, 0.0091])",0
0,"tensor([0.6995, 0.3005])",0
0,"tensor([0.7778, 0.2222])",0
0,"tensor([0.7678, 0.2322])",0
0,"tensor([0.9956, 0.0044])",0
0,"tensor([0.6821, 0.3179])",0
1,"tensor([0.4545, 0.5455])",0
0,"tensor([0.9237, 0.0763])",0
0,"tensor([0.8885, 0.1115])",0
0,"tensor([0.9897, 0.0103])",0
0,"tensor([0.8203, 0.1797])",0
0,"tensor([0.6565, 0.3435])",0
0,"tensor([0.9647, 0.0353])",0
1,"tensor([0.1792, 0.8208])",0
1,"tensor([0.4361, 0.5639])",0
0,"tensor([0.9153, 0.0847])",0
0,"tensor([0.7450, 0.2550])",0
0,"tensor([0.9575, 0.0425])",0
1,"tensor([0.0934, 0.9066])",0
0,"tensor([0.8652, 0.1348])",0
0,"tensor([0.6169, 0.3831])",0
0,"tensor([0.8365, 0.1635])",0
1,"tensor([0.4884, 0.5116])",0
0,"tensor([0.8469, 0.1531])",0
1,"tensor([0.4571, 0.5429])",0
0,"tensor([0.6109, 0.3891])",0
0,"tensor([0.8638, 0.1362])",0
1,"tensor([0.1745, 0.8255])",0
0,"tensor([0.7396, 0.2604])",0
0,"tensor([0.8877, 0.1123])",0
0,"tensor([0.9631, 0.0369])",0
1,"tensor([0.4123, 0.5877])",0
1,"tensor([0.3182, 0.6818])",0
1,"tensor([0.3916, 0.6084])",0
0,"tensor([0.9761, 0.0239])",0
0,"tensor([0.9635, 0.0365])",0
0,"tensor([0.8430, 0.1570])",0
0,"tensor([0.6394, 0.3606])",0
0,"tensor([0.6295, 0.3705])",0
0,"tensor([0.9433, 0.0567])",0
1,"tensor([0.2097, 0.7903])",0
0,"tensor([0.6159, 0.3841])",0
0,"tensor([0.7210, 0.2790])",0
0,"tensor([0.9113, 0.0887])",0
1,"tensor([0.2266, 0.7734])",0
0,"tensor([0.9960, 0.0040])",0
0,"tensor([0.9248, 0.0752])",0
0,"tensor([0.6987, 0.3013])",0
1,"tensor([0.1302, 0.8698])",0
1,"tensor([0.3991, 0.6009])",0
0,"tensor([0.8740, 0.1260])",0
1,"tensor([0.2655, 0.7345])",0
1,"tensor([0.1753, 0.8247])",0
0,"tensor([0.9933, 0.0067])",0
1,"tensor([0.4239, 0.5761])",0
0,"tensor([0.7581, 0.2419])",0
0,"tensor([0.9895, 0.0105])",0
0,"tensor([0.6808, 0.3192])",0
0,"tensor([0.9956, 0.0044])",0
1,"tensor([0.0731, 0.9269])",0
0,"tensor([0.5453, 0.4547])",0
0,"tensor([0.7000, 0.3000])",0
1,"tensor([0.4621, 0.5379])",0
1,"tensor([0.2614, 0.7386])",0
0,"tensor([0.7685, 0.2315])",0
0,"tensor([0.5709, 0.4291])",0
0,"tensor([0.8934, 0.1066])",0
0,"tensor([0.8515, 0.1485])",0
0,"tensor([0.9283, 0.0717])",0
1,"tensor([0.3839, 0.6161])",0
1,"tensor([0.4539, 0.5461])",0
1,"tensor([0.2201, 0.7799])",0
1,"tensor([0.1728, 0.8272])",0
0,"tensor([0.9010, 0.0990])",0
0,"tensor([0.7433, 0.2567])",0
0,"tensor([0.5012, 0.4988])",0
1,"tensor([0.2719, 0.7281])",0
0,"tensor([0.8482, 0.1518])",0
1,"tensor([0.1229, 0.8771])",0
0,"tensor([0.7769, 0.2231])",0
0,"tensor([0.7318, 0.2682])",0
1,"tensor([0.0462, 0.9538])",0
0,"tensor([0.9940, 0.0060])",0
1,"tensor([0.2517, 0.7483])",0
0,"tensor([0.9333, 0.0667])",0
1,"tensor([0.2468, 0.7532])",0
0,"tensor([0.7111, 0.2889])",0
0,"tensor([0.9507, 0.0493])",0
0,"tensor([0.9634, 0.0366])",0
0,"tensor([0.7918, 0.2082])",0
1,"tensor([0.1322, 0.8678])",0
0,"tensor([0.6012, 0.3988])",0
0,"tensor([0.8176, 0.1824])",0
0,"tensor([0.8817, 0.1183])",0
0,"tensor([0.8780, 0.1220])",0
0,"tensor([0.8688, 0.1312])",0
0,"tensor([0.9686, 0.0314])",0
0,"tensor([0.9692, 0.0308])",0
0,"tensor([0.8670, 0.1330])",0
0,"tensor([0.7262, 0.2738])",0
0,"tensor([0.8508, 0.1492])",0
0,"tensor([0.8425, 0.1575])",0
0,"tensor([0.8214, 0.1786])",0
0,"tensor([0.9000, 0.1000])",0
1,"tensor([0.2865, 0.7135])",0
0,"tensor([0.7357, 0.2643])",0
1,"tensor([0.4439, 0.5561])",0
1,"tensor([0.3960, 0.6040])",0
0,"tensor([0.5133, 0.4867])",0
0,"tensor([0.7257, 0.2743])",0
1,"tensor([0.1331, 0.8669])",0
0,"tensor([0.5030, 0.4970])",0
0,"tensor([0.9738, 0.0262])",0
0,"tensor([0.8122, 0.1878])",0
1,"tensor([0.4807, 0.5193])",0
0,"tensor([0.9637, 0.0363])",0
0,"tensor([0.8972, 0.1028])",0
0,"tensor([0.7815, 0.2185])",0
0,"tensor([0.8427, 0.1573])",0
1,"tensor([0.1361, 0.8639])",0
1,"tensor([0.4236, 0.5764])",0
1,"tensor([0.4674, 0.5326])",0
0,"tensor([0.5881, 0.4119])",0
1,"tensor([0.4842, 0.5158])",0
0,"tensor([0.9536, 0.0464])",0
0,"tensor([0.6946, 0.3054])",0
1,"tensor([0.4718, 0.5282])",0
0,"tensor([0.9724, 0.0276])",0
0,"tensor([0.5210, 0.4790])",0
0,"tensor([0.7865, 0.2135])",0
1,"tensor([0.2309, 0.7691])",0
1,"tensor([0.3114, 0.6886])",0
0,"tensor([0.8985, 0.1015])",0
0,"tensor([0.7772, 0.2228])",0
0,"tensor([0.7601, 0.2399])",0
0,"tensor([0.8447, 0.1553])",0
1,"tensor([0.2277, 0.7723])",0
1,"tensor([0.1004, 0.8996])",0
0,"tensor([0.9724, 0.0276])",0
0,"tensor([0.6559, 0.3441])",0
0,"tensor([0.8171, 0.1829])",0
0,"tensor([0.9249, 0.0751])",0
0,"tensor([0.9063, 0.0937])",0
0,"tensor([0.9708, 0.0292])",0
0,"tensor([0.9487, 0.0513])",0
0,"tensor([0.8240, 0.1760])",0
0,"tensor([0.8879, 0.1121])",0
0,"tensor([0.7667, 0.2333])",0
0,"tensor([0.7134, 0.2866])",0
0,"tensor([0.7550, 0.2450])",0
0,"tensor([0.9844, 0.0156])",0
0,"tensor([0.9551, 0.0449])",0
0,"tensor([0.5093, 0.4907])",0
0,"tensor([0.9586, 0.0414])",0
0,"tensor([0.9550, 0.0450])",0
1,"tensor([0.2345, 0.7655])",0
1,"tensor([0.2076, 0.7924])",0
1,"tensor([0.3770, 0.6230])",0
0,"tensor([0.8158, 0.1842])",0
0,"tensor([0.9745, 0.0255])",0
0,"tensor([0.6173, 0.3827])",0
1,"tensor([0.4936, 0.5064])",0
0,"tensor([0.8111, 0.1889])",0
1,"tensor([0.1494, 0.8506])",0
1,"tensor([0.3090, 0.6910])",0
0,"tensor([0.6338, 0.3662])",0
0,"tensor([0.5784, 0.4216])",0
1,"tensor([0.1546, 0.8454])",0
0,"tensor([0.8643, 0.1357])",0
0,"tensor([0.9609, 0.0391])",0
0,"tensor([0.9804, 0.0196])",0
0,"tensor([0.9500, 0.0500])",0
1,"tensor([0.2290, 0.7710])",0
0,"tensor([0.9125, 0.0875])",0
0,"tensor([0.9798, 0.0202])",0
0,"tensor([0.9137, 0.0863])",0
0,"tensor([0.5387, 0.4613])",0
1,"tensor([0.3823, 0.6177])",0
0,"tensor([0.8431, 0.1569])",0
1,"tensor([0.3828, 0.6172])",0
1,"tensor([0.1061, 0.8939])",0
1,"tensor([0.3266, 0.6734])",0
0,"tensor([0.6977, 0.3023])",0
0,"tensor([0.8404, 0.1596])",0
0,"tensor([0.7819, 0.2181])",0
0,"tensor([0.9221, 0.0779])",0
0,"tensor([0.9284, 0.0716])",0
0,"tensor([0.9758, 0.0242])",0
1,"tensor([0.2890, 0.7110])",0
0,"tensor([0.9857, 0.0143])",0
0,"tensor([0.8806, 0.1194])",0
0,"tensor([0.8531, 0.1469])",0
0,"tensor([0.8960, 0.1040])",0
0,"tensor([0.8306, 0.1694])",0
0,"tensor([0.9817, 0.0183])",0
0,"tensor([0.7243, 0.2757])",0
1,"tensor([0.2387, 0.7613])",0
1,"tensor([0.2477, 0.7523])",0
1,"tensor([0.4642, 0.5358])",0
1,"tensor([0.3565, 0.6435])",0
0,"tensor([0.7154, 0.2846])",0
1,"tensor([0.1069, 0.8931])",0
0,"tensor([0.9092, 0.0908])",0
0,"tensor([0.7784, 0.2216])",0
0,"tensor([0.7608, 0.2392])",0
0,"tensor([0.8966, 0.1034])",0
0,"tensor([0.9778, 0.0222])",0
0,"tensor([0.9379, 0.0621])",0
0,"tensor([0.6136, 0.3864])",0
1,"tensor([0.0894, 0.9106])",0
0,"tensor([0.7069, 0.2931])",0
0,"tensor([0.8460, 0.1540])",0
0,"tensor([0.7957, 0.2043])",0
0,"tensor([0.6407, 0.3593])",0
0,"tensor([0.9249, 0.0751])",0
0,"tensor([0.5358, 0.4642])",0
1,"tensor([0.1018, 0.8982])",0
0,"tensor([0.8847, 0.1153])",0
0,"tensor([0.9257, 0.0743])",0
1,"tensor([0.1337, 0.8663])",0
0,"tensor([0.8958, 0.1042])",0
0,"tensor([0.9570, 0.0430])",0
1,"tensor([0.3342, 0.6658])",0
0,"tensor([0.8382, 0.1618])",0
0,"tensor([0.5843, 0.4157])",0
0,"tensor([0.8800, 0.1200])",0
0,"tensor([0.8567, 0.1433])",0
1,"tensor([0.4640, 0.5360])",0
0,"tensor([0.9633, 0.0367])",0
0,"tensor([0.9295, 0.0705])",0
0,"tensor([0.7442, 0.2558])",0
0,"tensor([0.9800, 0.0200])",0
0,"tensor([0.5907, 0.4093])",0
1,"tensor([0.1294, 0.8706])",0
0,"tensor([0.9219, 0.0781])",0
0,"tensor([0.9271, 0.0729])",0
1,"tensor([0.4696, 0.5304])",0
0,"tensor([0.7961, 0.2039])",0
0,"tensor([0.9888, 0.0112])",0
0,"tensor([0.7934, 0.2066])",0
0,"tensor([0.9884, 0.0116])",0
0,"tensor([0.9842, 0.0158])",0
1,"tensor([0.0780, 0.9220])",0
0,"tensor([0.7838, 0.2162])",0
0,"tensor([0.7681, 0.2319])",0
1,"tensor([0.1127, 0.8873])",0
0,"tensor([0.8369, 0.1631])",0
1,"tensor([0.1943, 0.8057])",0
0,"tensor([0.9902, 0.0098])",0
0,"tensor([0.9781, 0.0219])",0
0,"tensor([0.6255, 0.3745])",0
0,"tensor([0.9501, 0.0499])",0
1,"tensor([0.1515, 0.8485])",0
1,"tensor([0.3892, 0.6108])",0
0,"tensor([0.8813, 0.1187])",0
0,"tensor([0.5982, 0.4018])",0
0,"tensor([0.9322, 0.0678])",0
0,"tensor([0.8638, 0.1362])",0
0,"tensor([0.6897, 0.3103])",0
0,"tensor([0.7102, 0.2898])",0
0,"tensor([0.5033, 0.4967])",0
0,"tensor([0.9268, 0.0732])",0
1,"tensor([0.0483, 0.9517])",0
0,"tensor([0.7733, 0.2267])",0
0,"tensor([0.5006, 0.4994])",0
1,"tensor([0.3281, 0.6719])",0
1,"tensor([0.4670, 0.5330])",0
0,"tensor([0.6869, 0.3131])",0
1,"tensor([0.1430, 0.8570])",0
0,"tensor([0.7605, 0.2395])",0
0,"tensor([0.7067, 0.2933])",0
0,"tensor([0.7545, 0.2455])",0
0,"tensor([0.5955, 0.4045])",0
1,"tensor([0.2300, 0.7700])",0
0,"tensor([0.9757, 0.0243])",0
0,"tensor([0.9381, 0.0619])",0
0,"tensor([0.9939, 0.0061])",0
0,"tensor([0.9024, 0.0976])",0
0,"tensor([0.8386, 0.1614])",0
0,"tensor([0.7059, 0.2941])",0
1,"tensor([0.4602, 0.5398])",0
0,"tensor([0.9802, 0.0198])",0
0,"tensor([0.7159, 0.2841])",0
0,"tensor([0.8941, 0.1059])",0
1,"tensor([0.4488, 0.5512])",0
0,"tensor([0.5132, 0.4868])",0
0,"tensor([0.8476, 0.1524])",0
1,"tensor([0.2040, 0.7960])",0
0,"tensor([0.9364, 0.0636])",0
0,"tensor([0.9630, 0.0370])",0
0,"tensor([0.9539, 0.0461])",0
1,"tensor([0.2438, 0.7562])",0
0,"tensor([0.9114, 0.0886])",0
0,"tensor([0.9217, 0.0783])",0
1,"tensor([0.4032, 0.5968])",0
1,"tensor([0.3461, 0.6539])",0
0,"tensor([0.9818, 0.0182])",0
0,"tensor([0.9261, 0.0739])",0
0,"tensor([0.5136, 0.4864])",0
0,"tensor([0.9320, 0.0680])",0
1,"tensor([0.4347, 0.5653])",0
1,"tensor([0.2731, 0.7269])",0
0,"tensor([0.5853, 0.4147])",0
1,"tensor([0.4170, 0.5830])",0
1,"tensor([0.2798, 0.7202])",0
1,"tensor([0.1696, 0.8304])",0
1,"tensor([0.2178, 0.7822])",0
0,"tensor([0.9961, 0.0039])",0
0,"tensor([0.6066, 0.3934])",0
0,"tensor([0.9516, 0.0484])",0
0,"tensor([0.9844, 0.0156])",0
0,"tensor([0.6090, 0.3910])",0
0,"tensor([0.8827, 0.1173])",0
1,"tensor([0.4756, 0.5244])",0
1,"tensor([0.1423, 0.8577])",0
0,"tensor([0.6705, 0.3295])",0
0,"tensor([0.9345, 0.0655])",0
0,"tensor([0.6409, 0.3591])",0
1,"tensor([0.3542, 0.6458])",0
0,"tensor([0.9776, 0.0224])",0
1,"tensor([0.4372, 0.5628])",0
0,"tensor([0.5314, 0.4686])",0
0,"tensor([0.9462, 0.0538])",0
0,"tensor([0.9549, 0.0451])",0
0,"tensor([0.8659, 0.1341])",0
0,"tensor([0.8277, 0.1723])",0
0,"tensor([0.7652, 0.2348])",0
1,"tensor([0.3136, 0.6864])",0
1,"tensor([0.3233, 0.6767])",0
1,"tensor([0.3862, 0.6138])",0
0,"tensor([0.8073, 0.1927])",0
0,"tensor([0.6775, 0.3225])",0
0,"tensor([0.5038, 0.4962])",0
0,"tensor([0.8223, 0.1777])",0
0,"tensor([0.8081, 0.1919])",0
0,"tensor([0.5879, 0.4121])",0
0,"tensor([0.7597, 0.2403])",0
0,"tensor([0.9030, 0.0970])",0
1,"tensor([0.4907, 0.5093])",0
0,"tensor([0.8876, 0.1124])",0
0,"tensor([0.9561, 0.0439])",0
1,"tensor([0.1369, 0.8631])",0
0,"tensor([0.7611, 0.2389])",0
1,"tensor([0.2101, 0.7899])",0
0,"tensor([0.9821, 0.0179])",0
0,"tensor([0.8667, 0.1333])",0
0,"tensor([0.9428, 0.0572])",0
0,"tensor([0.9976, 0.0024])",0
1,"tensor([0.1845, 0.8155])",0
0,"tensor([0.6143, 0.3857])",0
0,"tensor([0.9798, 0.0202])",0
0,"tensor([0.7923, 0.2077])",0
0,"tensor([0.9117, 0.0883])",0
0,"tensor([0.5882, 0.4118])",0
0,"tensor([0.9865, 0.0135])",0
0,"tensor([0.7945, 0.2055])",0
0,"tensor([0.9466, 0.0534])",0
0,"tensor([0.7873, 0.2127])",0
0,"tensor([0.7028, 0.2972])",0
0,"tensor([0.7332, 0.2668])",0
0,"tensor([0.7530, 0.2470])",0
1,"tensor([0.2294, 0.7706])",0
0,"tensor([0.8879, 0.1121])",0
0,"tensor([0.9590, 0.0410])",0
1,"tensor([0.1608, 0.8392])",0
0,"tensor([0.7123, 0.2877])",0
0,"tensor([0.6690, 0.3310])",0
1,"tensor([0.3251, 0.6749])",0
0,"tensor([0.5658, 0.4342])",0
1,"tensor([0.3271, 0.6729])",0
1,"tensor([0.3940, 0.6060])",0
0,"tensor([0.8145, 0.1855])",0
0,"tensor([0.9411, 0.0589])",0
1,"tensor([0.4172, 0.5828])",0
1,"tensor([0.2805, 0.7195])",0
0,"tensor([0.6538, 0.3462])",0
0,"tensor([0.8534, 0.1466])",0
1,"tensor([0.0620, 0.9380])",0
1,"tensor([0.2898, 0.7102])",0
0,"tensor([0.6245, 0.3755])",0
0,"tensor([0.9304, 0.0696])",0
0,"tensor([0.7345, 0.2655])",0
0,"tensor([0.7812, 0.2188])",0
0,"tensor([0.9560, 0.0440])",0
0,"tensor([0.9514, 0.0486])",0
0,"tensor([0.8958, 0.1042])",0
0,"tensor([0.9410, 0.0590])",0
1,"tensor([0.3880, 0.6120])",0
0,"tensor([0.8610, 0.1390])",0
0,"tensor([0.9586, 0.0414])",0
0,"tensor([0.6494, 0.3506])",0
0,"tensor([0.6121, 0.3879])",0
0,"tensor([0.9091, 0.0909])",0
0,"tensor([0.7746, 0.2254])",0
0,"tensor([0.9522, 0.0478])",0
0,"tensor([0.9696, 0.0304])",0
1,"tensor([0.1514, 0.8486])",0
0,"tensor([0.5191, 0.4809])",0
0,"tensor([0.6577, 0.3423])",0
0,"tensor([0.7456, 0.2544])",0
0,"tensor([0.5534, 0.4466])",0
0,"tensor([0.9525, 0.0475])",0
0,"tensor([0.9828, 0.0172])",0
1,"tensor([0.2607, 0.7393])",0
0,"tensor([0.9142, 0.0858])",0
1,"tensor([0.1347, 0.8653])",0
0,"tensor([0.7260, 0.2740])",0
0,"tensor([0.9580, 0.0420])",0
0,"tensor([0.9224, 0.0776])",0
1,"tensor([0.3388, 0.6612])",0
0,"tensor([0.7116, 0.2884])",0
0,"tensor([0.8761, 0.1239])",0
0,"tensor([0.6375, 0.3625])",0
1,"tensor([0.4390, 0.5610])",0
1,"tensor([0.1562, 0.8438])",0
1,"tensor([0.0853, 0.9147])",0
0,"tensor([0.7655, 0.2345])",0
0,"tensor([0.9339, 0.0661])",0
0,"tensor([0.8603, 0.1397])",0
0,"tensor([0.8426, 0.1574])",0
0,"tensor([0.7137, 0.2863])",0
1,"tensor([0.3730, 0.6270])",0
0,"tensor([0.5051, 0.4949])",0
0,"tensor([0.6493, 0.3507])",0
0,"tensor([0.7788, 0.2212])",0
1,"tensor([0.3675, 0.6325])",0
0,"tensor([0.6190, 0.3810])",0
1,"tensor([0.1973, 0.8027])",0
0,"tensor([0.8483, 0.1517])",0
1,"tensor([0.4521, 0.5479])",0
1,"tensor([0.1803, 0.8197])",0
0,"tensor([0.8811, 0.1189])",0
0,"tensor([0.7005, 0.2995])",0
0,"tensor([0.7705, 0.2295])",0
1,"tensor([0.4587, 0.5413])",0
1,"tensor([0.4485, 0.5515])",0
1,"tensor([0.0103, 0.9897])",0
0,"tensor([0.9154, 0.0846])",0
0,"tensor([0.6348, 0.3652])",0
1,"tensor([0.3162, 0.6838])",0
1,"tensor([0.3255, 0.6745])",0
0,"tensor([0.9417, 0.0583])",0
0,"tensor([0.5736, 0.4264])",0
1,"tensor([0.0985, 0.9015])",0
0,"tensor([0.8921, 0.1079])",0
1,"tensor([0.2968, 0.7032])",0
1,"tensor([0.3395, 0.6605])",0
0,"tensor([0.9272, 0.0728])",0
1,"tensor([0.4736, 0.5264])",0
0,"tensor([0.7076, 0.2924])",0
0,"tensor([0.5358, 0.4642])",0
0,"tensor([0.8341, 0.1659])",0
0,"tensor([0.8336, 0.1664])",0
1,"tensor([0.1758, 0.8242])",0
0,"tensor([0.8612, 0.1388])",0
0,"tensor([0.8770, 0.1230])",0
0,"tensor([0.6357, 0.3643])",0
0,"tensor([0.9843, 0.0157])",0
1,"tensor([0.4733, 0.5267])",0
0,"tensor([0.8070, 0.1930])",0
0,"tensor([0.7749, 0.2251])",0
0,"tensor([0.9194, 0.0806])",0
0,"tensor([0.9559, 0.0441])",0
0,"tensor([0.8702, 0.1298])",0
0,"tensor([0.9807, 0.0193])",0
0,"tensor([0.9867, 0.0133])",0
0,"tensor([0.9091, 0.0909])",0
1,"tensor([0.4904, 0.5096])",0
0,"tensor([0.8900, 0.1100])",0
1,"tensor([0.1545, 0.8455])",0
0,"tensor([0.6537, 0.3463])",0
0,"tensor([0.7614, 0.2386])",0
0,"tensor([0.9684, 0.0316])",0
1,"tensor([0.0783, 0.9217])",0
0,"tensor([0.7939, 0.2061])",0
1,"tensor([0.4820, 0.5180])",0
0,"tensor([0.7377, 0.2623])",0
0,"tensor([0.9429, 0.0571])",0
1,"tensor([0.3401, 0.6599])",0
1,"tensor([0.4335, 0.5665])",0
0,"tensor([0.7524, 0.2476])",0
0,"tensor([0.8193, 0.1807])",0
0,"tensor([0.6873, 0.3127])",0
0,"tensor([0.7116, 0.2884])",0
0,"tensor([0.9537, 0.0463])",0
1,"tensor([0.2658, 0.7342])",0
1,"tensor([0.4856, 0.5144])",0
0,"tensor([0.7849, 0.2151])",0
0,"tensor([0.8327, 0.1673])",0
0,"tensor([0.9774, 0.0226])",0
0,"tensor([0.7553, 0.2447])",0
0,"tensor([0.8967, 0.1033])",0
0,"tensor([0.7204, 0.2796])",0
0,"tensor([0.6669, 0.3331])",0
1,"tensor([0.0993, 0.9007])",0
0,"tensor([0.7720, 0.2280])",0
0,"tensor([0.5346, 0.4654])",0
0,"tensor([0.6277, 0.3723])",0
0,"tensor([0.7315, 0.2685])",0
1,"tensor([0.4970, 0.5030])",0
0,"tensor([0.7970, 0.2030])",0
0,"tensor([0.9547, 0.0453])",0
0,"tensor([0.8766, 0.1234])",0
0,"tensor([0.8635, 0.1365])",0
0,"tensor([0.7332, 0.2668])",0
1,"tensor([0.0956, 0.9044])",0
1,"tensor([0.2617, 0.7383])",0
0,"tensor([0.8567, 0.1433])",0
0,"tensor([0.8610, 0.1390])",0
0,"tensor([0.6690, 0.3310])",0
0,"tensor([0.5903, 0.4097])",0
0,"tensor([0.6700, 0.3300])",0
0,"tensor([0.5956, 0.4044])",0
0,"tensor([0.7770, 0.2230])",0
0,"tensor([0.7725, 0.2275])",0
0,"tensor([0.8069, 0.1931])",0
0,"tensor([0.7492, 0.2508])",0
0,"tensor([0.9947, 0.0053])",0
1,"tensor([0.1576, 0.8424])",0
0,"tensor([0.8685, 0.1315])",0
1,"tensor([0.3014, 0.6986])",0
0,"tensor([0.7545, 0.2455])",0
1,"tensor([0.4323, 0.5677])",0
0,"tensor([0.9292, 0.0708])",0
0,"tensor([0.7970, 0.2030])",0
1,"tensor([0.1775, 0.8225])",0
1,"tensor([0.2667, 0.7333])",0
0,"tensor([0.9060, 0.0940])",0
1,"tensor([0.2222, 0.7778])",0
0,"tensor([0.8521, 0.1479])",0
0,"tensor([0.6994, 0.3006])",0
0,"tensor([0.9636, 0.0364])",0
0,"tensor([0.9586, 0.0414])",0
0,"tensor([0.7369, 0.2631])",0
0,"tensor([0.9735, 0.0265])",0
0,"tensor([0.9960, 0.0040])",0
1,"tensor([0.4455, 0.5545])",0
1,"tensor([0.2867, 0.7133])",0
0,"tensor([0.6716, 0.3284])",0
0,"tensor([0.8060, 0.1940])",0
1,"tensor([0.4265, 0.5735])",0
0,"tensor([0.8289, 0.1711])",0
0,"tensor([0.6868, 0.3132])",0
0,"tensor([0.7383, 0.2617])",0
0,"tensor([0.8602, 0.1398])",0
0,"tensor([0.8158, 0.1842])",0
0,"tensor([0.6727, 0.3273])",0
1,"tensor([0.4342, 0.5658])",0
0,"tensor([0.5594, 0.4406])",0
1,"tensor([0.0869, 0.9131])",1
1,"tensor([0.4888, 0.5112])",1
1,"tensor([0.1622, 0.8378])",1
0,"tensor([0.7197, 0.2803])",1
1,"tensor([0.2749, 0.7251])",1
1,"tensor([0.3482, 0.6518])",1
1,"tensor([0.1393, 0.8607])",1
0,"tensor([0.5544, 0.4456])",1
1,"tensor([0.0033, 0.9967])",1
1,"tensor([0.3017, 0.6983])",1
0,"tensor([0.5663, 0.4337])",1
1,"tensor([0.2563, 0.7437])",1
1,"tensor([0.2243, 0.7757])",1
0,"tensor([0.8632, 0.1368])",1
1,"tensor([0.4465, 0.5535])",1
1,"tensor([0.1534, 0.8466])",1
1,"tensor([0.4670, 0.5330])",1
0,"tensor([0.7629, 0.2371])",1
0,"tensor([0.9775, 0.0225])",1
1,"tensor([0.0444, 0.9556])",1
1,"tensor([0.0958, 0.9042])",1
1,"tensor([0.0963, 0.9037])",1
0,"tensor([0.7711, 0.2289])",1
1,"tensor([0.1432, 0.8568])",1
1,"tensor([0.0991, 0.9009])",1
1,"tensor([0.2134, 0.7866])",1
1,"tensor([0.0509, 0.9491])",1
1,"tensor([0.3337, 0.6663])",1
1,"tensor([0.1297, 0.8703])",1
0,"tensor([0.6600, 0.3400])",1
1,"tensor([0.0743, 0.9257])",1
1,"tensor([0.1170, 0.8830])",1
1,"tensor([0.4413, 0.5587])",1
1,"tensor([0.1857, 0.8143])",1
1,"tensor([0.1188, 0.8812])",1
0,"tensor([0.9268, 0.0732])",1
0,"tensor([0.9932, 0.0068])",1
0,"tensor([0.6956, 0.3044])",1
1,"tensor([0.1224, 0.8776])",1
0,"tensor([0.7211, 0.2789])",1
1,"tensor([0.0259, 0.9741])",1
1,"tensor([0.0520, 0.9480])",1
1,"tensor([0.4434, 0.5566])",1
1,"tensor([0.1914, 0.8086])",1
1,"tensor([0.1076, 0.8924])",1
0,"tensor([0.6495, 0.3505])",1
1,"tensor([0.2397, 0.7603])",1
1,"tensor([0.3630, 0.6370])",1
1,"tensor([0.2143, 0.7857])",1
1,"tensor([0.2711, 0.7289])",1
1,"tensor([0.4367, 0.5633])",1
0,"tensor([0.5606, 0.4394])",1
1,"tensor([0.1812, 0.8188])",1
0,"tensor([0.8841, 0.1159])",1
1,"tensor([0.0343, 0.9657])",1
1,"tensor([0.2341, 0.7659])",1
1,"tensor([0.3181, 0.6819])",1
0,"tensor([0.6540, 0.3460])",1
0,"tensor([0.7378, 0.2622])",1
1,"tensor([0.0491, 0.9509])",1
0,"tensor([0.8660, 0.1340])",1
0,"tensor([0.6328, 0.3672])",1
1,"tensor([0.0117, 0.9883])",1
1,"tensor([0.1595, 0.8405])",1
1,"tensor([0.4653, 0.5347])",1
1,"tensor([0.4084, 0.5916])",1
1,"tensor([0.4217, 0.5783])",1
1,"tensor([0.3434, 0.6566])",1
1,"tensor([0.0546, 0.9454])",1
1,"tensor([0.0530, 0.9470])",1
1,"tensor([0.3173, 0.6827])",1
1,"tensor([0.1795, 0.8205])",1
0,"tensor([0.7205, 0.2795])",1
1,"tensor([0.0214, 0.9786])",1
0,"tensor([0.5025, 0.4975])",1
1,"tensor([0.1283, 0.8717])",1
1,"tensor([0.0823, 0.9177])",1
0,"tensor([0.7347, 0.2653])",1
1,"tensor([0.4279, 0.5721])",1
1,"tensor([0.3474, 0.6526])",1
1,"tensor([0.0717, 0.9283])",1
0,"tensor([0.5912, 0.4088])",1
1,"tensor([0.0746, 0.9254])",1
1,"tensor([0.1146, 0.8854])",1
0,"tensor([0.7708, 0.2292])",1
1,"tensor([0.0794, 0.9206])",1
0,"tensor([0.5943, 0.4057])",1
1,"tensor([0.0787, 0.9213])",1
1,"tensor([0.3587, 0.6413])",1
1,"tensor([0.0402, 0.9598])",1
1,"tensor([0.0267, 0.9733])",1
1,"tensor([0.0454, 0.9546])",1
0,"tensor([0.9645, 0.0355])",1
1,"tensor([0.2781, 0.7219])",1
1,"tensor([0.1355, 0.8645])",1
1,"tensor([0.0981, 0.9019])",1
1,"tensor([0.0376, 0.9624])",1
1,"tensor([0.0295, 0.9705])",1
1,"tensor([0.0826, 0.9174])",1
1,"tensor([0.0127, 0.9873])",1
1,"tensor([0.0281, 0.9719])",1
1,"tensor([0.0753, 0.9247])",1
1,"tensor([0.2453, 0.7547])",1
1,"tensor([0.1462, 0.8538])",1
1,"tensor([0.1710, 0.8290])",1
1,"tensor([0.0246, 0.9754])",1
1,"tensor([0.0301, 0.9699])",1
1,"tensor([0.1417, 0.8583])",1
0,"tensor([0.5035, 0.4965])",1
1,"tensor([0.0163, 0.9837])",1
1,"tensor([0.2274, 0.7726])",1
1,"tensor([0.1508, 0.8492])",1
0,"tensor([0.7967, 0.2033])",1
1,"tensor([0.4449, 0.5551])",1
0,"tensor([0.5476, 0.4524])",1
1,"tensor([0.0066, 0.9934])",1
1,"tensor([0.2849, 0.7151])",1
0,"tensor([0.6316, 0.3684])",1
1,"tensor([0.1901, 0.8099])",1
0,"tensor([0.5604, 0.4396])",1
0,"tensor([0.7171, 0.2829])",1
0,"tensor([0.6676, 0.3324])",1
1,"tensor([0.3190, 0.6810])",1
0,"tensor([0.8788, 0.1212])",1
1,"tensor([0.4053, 0.5947])",1
1,"tensor([0.1888, 0.8112])",1
1,"tensor([0.2925, 0.7075])",1
0,"tensor([0.7136, 0.2864])",1
1,"tensor([0.4429, 0.5571])",1
1,"tensor([0.0322, 0.9678])",1
1,"tensor([0.3766, 0.6234])",1
1,"tensor([0.3769, 0.6231])",1
1,"tensor([0.2849, 0.7151])",1
1,"tensor([0.0198, 0.9802])",1
1,"tensor([0.2023, 0.7977])",1
1,"tensor([0.0034, 0.9966])",1
1,"tensor([0.0518, 0.9482])",1
1,"tensor([0.1425, 0.8575])",1
1,"tensor([0.1929, 0.8071])",1
0,"tensor([0.5883, 0.4117])",1
1,"tensor([0.0214, 0.9786])",1
1,"tensor([0.0035, 0.9965])",1
1,"tensor([0.0696, 0.9304])",1
0,"tensor([0.9419, 0.0581])",1
0,"tensor([0.7850, 0.2150])",1
1,"tensor([0.4304, 0.5696])",1
1,"tensor([0.2741, 0.7259])",1
1,"tensor([0.0697, 0.9303])",1
1,"tensor([0.1213, 0.8787])",1
1,"tensor([0.0609, 0.9391])",1
1,"tensor([0.0535, 0.9465])",1
0,"tensor([0.7856, 0.2144])",1
1,"tensor([0.3360, 0.6640])",1
0,"tensor([0.5692, 0.4308])",1
1,"tensor([0.0152, 0.9848])",1
0,"tensor([0.6303, 0.3697])",1
0,"tensor([0.6868, 0.3132])",1
1,"tensor([0.0210, 0.9790])",1
1,"tensor([0.1357, 0.8643])",1
1,"tensor([0.3426, 0.6574])",1
0,"tensor([0.9584, 0.0416])",1
0,"tensor([0.9743, 0.0257])",1
0,"tensor([0.6082, 0.3918])",1
1,"tensor([0.3907, 0.6093])",1
1,"tensor([0.0621, 0.9379])",1
0,"tensor([0.5167, 0.4833])",1
1,"tensor([0.2015, 0.7985])",1
1,"tensor([0.4044, 0.5956])",1
1,"tensor([0.4478, 0.5522])",1
1,"tensor([0.0373, 0.9627])",1
1,"tensor([0.0919, 0.9081])",1
1,"tensor([0.1334, 0.8666])",1
0,"tensor([0.8725, 0.1275])",1
1,"tensor([0.4333, 0.5667])",1
1,"tensor([0.3373, 0.6627])",1
0,"tensor([0.7126, 0.2874])",1
1,"tensor([0.3335, 0.6665])",1
0,"tensor([0.6077, 0.3923])",1
1,"tensor([0.2495, 0.7505])",1
1,"tensor([0.2323, 0.7677])",1
1,"tensor([0.0893, 0.9107])",1
1,"tensor([0.2401, 0.7599])",1
1,"tensor([0.1200, 0.8800])",1
0,"tensor([0.6565, 0.3435])",1
1,"tensor([0.0690, 0.9310])",1
1,"tensor([0.2283, 0.7717])",1
1,"tensor([0.4566, 0.5434])",1
1,"tensor([0.0567, 0.9433])",1
0,"tensor([0.6818, 0.3182])",1
1,"tensor([0.0355, 0.9645])",1
1,"tensor([0.2188, 0.7812])",1
1,"tensor([0.3655, 0.6345])",1
1,"tensor([0.0433, 0.9567])",1
1,"tensor([0.4196, 0.5804])",1
1,"tensor([0.4245, 0.5755])",1
0,"tensor([0.8328, 0.1672])",1
1,"tensor([0.1654, 0.8346])",1
1,"tensor([0.1114, 0.8886])",1
1,"tensor([0.2778, 0.7222])",1
1,"tensor([0.3650, 0.6350])",1
1,"tensor([0.0478, 0.9522])",1
1,"tensor([9.6011e-04, 9.9904e-01])",1
1,"tensor([0.1060, 0.8940])",1
1,"tensor([0.1795, 0.8205])",1
1,"tensor([0.0532, 0.9468])",1
1,"tensor([0.1591, 0.8409])",1
1,"tensor([0.2436, 0.7564])",1
1,"tensor([0.0320, 0.9680])",1
1,"tensor([0.2300, 0.7700])",1
1,"tensor([0.4847, 0.5153])",1
1,"tensor([0.1221, 0.8779])",1
0,"tensor([0.6303, 0.3697])",1
1,"tensor([0.1889, 0.8111])",1
0,"tensor([0.7677, 0.2323])",1
1,"tensor([0.1016, 0.8984])",1
1,"tensor([0.0802, 0.9198])",1
1,"tensor([0.0323, 0.9677])",1
1,"tensor([0.1501, 0.8499])",1
0,"tensor([0.9070, 0.0930])",1
1,"tensor([0.1250, 0.8750])",1
1,"tensor([0.1176, 0.8824])",1
1,"tensor([0.2271, 0.7729])",1
1,"tensor([0.0918, 0.9082])",1
1,"tensor([0.1652, 0.8348])",1
0,"tensor([0.5597, 0.4403])",1
1,"tensor([0.0771, 0.9229])",1
1,"tensor([0.3114, 0.6886])",1
1,"tensor([0.1799, 0.8201])",1
0,"tensor([0.5365, 0.4635])",1
1,"tensor([0.2144, 0.7856])",1
1,"tensor([0.2535, 0.7465])",1
0,"tensor([0.9875, 0.0125])",1
1,"tensor([0.0613, 0.9387])",1
1,"tensor([0.4032, 0.5968])",1
1,"tensor([0.2020, 0.7980])",1
1,"tensor([0.3803, 0.6197])",1
1,"tensor([0.0194, 0.9806])",1
1,"tensor([0.1982, 0.8018])",1
0,"tensor([0.6042, 0.3958])",1
1,"tensor([0.3327, 0.6673])",1
1,"tensor([0.2661, 0.7339])",1
1,"tensor([0.4107, 0.5893])",1
1,"tensor([0.0540, 0.9460])",1
1,"tensor([0.3781, 0.6219])",1
1,"tensor([0.3894, 0.6106])",1
0,"tensor([0.9709, 0.0291])",1
1,"tensor([0.0217, 0.9783])",1
0,"tensor([0.9478, 0.0522])",1
1,"tensor([0.0619, 0.9381])",1
1,"tensor([0.0498, 0.9502])",1
1,"tensor([0.1435, 0.8565])",1
1,"tensor([0.1083, 0.8917])",1
0,"tensor([0.6523, 0.3477])",1
1,"tensor([0.3284, 0.6716])",1
1,"tensor([0.0216, 0.9784])",1
1,"tensor([0.3096, 0.6904])",1
1,"tensor([0.2152, 0.7848])",1
0,"tensor([0.7574, 0.2426])",1
0,"tensor([0.8776, 0.1224])",1
1,"tensor([0.0260, 0.9740])",1
1,"tensor([0.0573, 0.9427])",1
1,"tensor([0.4551, 0.5449])",1
0,"tensor([0.7536, 0.2464])",1
1,"tensor([0.3768, 0.6232])",1
1,"tensor([0.0206, 0.9794])",1
1,"tensor([0.0810, 0.9190])",1
1,"tensor([0.1176, 0.8824])",1
1,"tensor([0.2079, 0.7921])",1
1,"tensor([0.3255, 0.6745])",1
1,"tensor([0.3052, 0.6948])",1
1,"tensor([0.0732, 0.9268])",1
1,"tensor([0.1545, 0.8455])",1
1,"tensor([0.4650, 0.5350])",1
1,"tensor([0.0876, 0.9124])",1
0,"tensor([0.6230, 0.3770])",1
0,"tensor([0.6220, 0.3780])",1
1,"tensor([0.4205, 0.5795])",1
1,"tensor([0.4988, 0.5012])",1
0,"tensor([0.9818, 0.0182])",1
0,"tensor([0.5883, 0.4117])",1
1,"tensor([0.3338, 0.6662])",1
1,"tensor([0.0681, 0.9319])",1
1,"tensor([0.4966, 0.5034])",1
1,"tensor([0.0540, 0.9460])",1
1,"tensor([0.0529, 0.9471])",1
0,"tensor([0.9473, 0.0527])",1
0,"tensor([0.5777, 0.4223])",1
1,"tensor([0.0169, 0.9831])",1
1,"tensor([0.1233, 0.8767])",1
0,"tensor([0.5060, 0.4940])",1
1,"tensor([0.1336, 0.8664])",1
0,"tensor([0.6482, 0.3518])",1
0,"tensor([0.7584, 0.2416])",1
0,"tensor([0.7150, 0.2850])",1
1,"tensor([0.0791, 0.9209])",1
1,"tensor([0.0139, 0.9861])",1
1,"tensor([0.0466, 0.9534])",1
0,"tensor([0.5330, 0.4670])",1
1,"tensor([0.0578, 0.9422])",1
0,"tensor([0.5046, 0.4954])",1
1,"tensor([0.2185, 0.7815])",1
1,"tensor([0.0390, 0.9610])",1
0,"tensor([0.9458, 0.0542])",1
1,"tensor([0.0262, 0.9738])",1
1,"tensor([0.0585, 0.9415])",1
0,"tensor([0.5069, 0.4931])",1
1,"tensor([0.1573, 0.8427])",1
1,"tensor([0.2472, 0.7528])",1
0,"tensor([0.9846, 0.0154])",1
0,"tensor([0.9553, 0.0447])",1
1,"tensor([0.4536, 0.5464])",1
0,"tensor([0.7176, 0.2824])",1
0,"tensor([0.9770, 0.0230])",1
1,"tensor([0.1135, 0.8865])",1
1,"tensor([0.3868, 0.6132])",1
1,"tensor([0.1557, 0.8443])",1
1,"tensor([0.1743, 0.8257])",1
1,"tensor([0.1520, 0.8480])",1
0,"tensor([0.5221, 0.4779])",1
1,"tensor([0.3760, 0.6240])",1
1,"tensor([0.4917, 0.5083])",1
0,"tensor([0.5765, 0.4235])",1
1,"tensor([0.0965, 0.9035])",1
1,"tensor([0.4124, 0.5876])",1
1,"tensor([0.4433, 0.5567])",1
1,"tensor([0.2401, 0.7599])",1
0,"tensor([0.6225, 0.3775])",1
1,"tensor([0.3852, 0.6148])",1
0,"tensor([0.8753, 0.1247])",1
0,"tensor([0.5019, 0.4981])",1
0,"tensor([0.5817, 0.4183])",1
1,"tensor([0.4005, 0.5995])",1
1,"tensor([0.2158, 0.7842])",1
1,"tensor([0.3552, 0.6448])",1
1,"tensor([0.4338, 0.5662])",1
0,"tensor([0.5304, 0.4696])",1
0,"tensor([0.5309, 0.4691])",1
1,"tensor([0.0647, 0.9353])",1
1,"tensor([0.1664, 0.8336])",1
1,"tensor([0.0430, 0.9570])",1
1,"tensor([0.1330, 0.8670])",1
1,"tensor([0.1082, 0.8918])",1
0,"tensor([0.9608, 0.0392])",1
1,"tensor([0.0154, 0.9846])",1
0,"tensor([0.5740, 0.4260])",1
1,"tensor([0.0231, 0.9769])",1
1,"tensor([0.3998, 0.6002])",1
1,"tensor([0.3360, 0.6640])",1
0,"tensor([0.7572, 0.2428])",1
0,"tensor([0.8301, 0.1699])",1
1,"tensor([0.3575, 0.6425])",1
1,"tensor([0.0596, 0.9404])",1
1,"tensor([0.4332, 0.5668])",1
0,"tensor([0.8931, 0.1069])",1
1,"tensor([0.1485, 0.8515])",1
1,"tensor([0.2368, 0.7632])",1
1,"tensor([0.1433, 0.8567])",1
0,"tensor([0.5499, 0.4501])",1
1,"tensor([0.0464, 0.9536])",1
0,"tensor([0.5329, 0.4671])",1
1,"tensor([0.0330, 0.9670])",1
1,"tensor([0.4093, 0.5907])",1
1,"tensor([0.4513, 0.5487])",1
1,"tensor([0.3143, 0.6857])",1
1,"tensor([0.1984, 0.8016])",1
1,"tensor([0.2096, 0.7904])",1
0,"tensor([0.5911, 0.4089])",1
1,"tensor([0.0204, 0.9796])",1
1,"tensor([0.2082, 0.7918])",1
1,"tensor([0.1291, 0.8709])",1
0,"tensor([0.7764, 0.2236])",1
1,"tensor([0.1806, 0.8194])",1
1,"tensor([0.0245, 0.9755])",1
1,"tensor([0.3933, 0.6067])",1
1,"tensor([0.2646, 0.7354])",1
1,"tensor([0.0257, 0.9743])",1
1,"tensor([0.4357, 0.5643])",1
1,"tensor([0.0352, 0.9648])",1
1,"tensor([0.1946, 0.8054])",1
0,"tensor([0.7465, 0.2535])",1
1,"tensor([0.4457, 0.5543])",1
1,"tensor([0.0919, 0.9081])",1
1,"tensor([0.1808, 0.8192])",1
1,"tensor([0.0344, 0.9656])",1
1,"tensor([0.4329, 0.5671])",1
1,"tensor([0.1546, 0.8454])",1
1,"tensor([0.1696, 0.8304])",1
1,"tensor([0.4315, 0.5685])",1
1,"tensor([0.0249, 0.9751])",1
0,"tensor([0.6188, 0.3812])",1
1,"tensor([0.0896, 0.9104])",1
1,"tensor([0.2010, 0.7990])",1
1,"tensor([0.0139, 0.9861])",1
0,"tensor([0.5018, 0.4982])",1
1,"tensor([0.0279, 0.9721])",1
1,"tensor([0.0357, 0.9643])",1
1,"tensor([0.3113, 0.6887])",1
1,"tensor([0.3034, 0.6966])",1
0,"tensor([0.7044, 0.2956])",1
1,"tensor([0.2600, 0.7400])",1
0,"tensor([0.9467, 0.0533])",1
1,"tensor([0.1256, 0.8744])",1
0,"tensor([0.5449, 0.4551])",1
0,"tensor([0.9043, 0.0957])",1
0,"tensor([0.6764, 0.3236])",1
0,"tensor([0.7697, 0.2303])",1
1,"tensor([0.2550, 0.7450])",1
1,"tensor([0.0584, 0.9416])",1
1,"tensor([0.1513, 0.8487])",1
0,"tensor([0.6637, 0.3363])",1
1,"tensor([0.2519, 0.7481])",1
1,"tensor([0.2477, 0.7523])",1
1,"tensor([0.1052, 0.8948])",1
1,"tensor([0.3625, 0.6375])",1
1,"tensor([0.0311, 0.9689])",1
1,"tensor([0.1568, 0.8432])",1
1,"tensor([0.2274, 0.7726])",1
1,"tensor([0.0123, 0.9877])",1
0,"tensor([0.7370, 0.2630])",1
1,"tensor([0.0766, 0.9234])",1
1,"tensor([0.1655, 0.8345])",1
1,"tensor([0.1902, 0.8098])",1
1,"tensor([0.1286, 0.8714])",1
1,"tensor([0.0478, 0.9522])",1
1,"tensor([0.1667, 0.8333])",1
1,"tensor([0.0889, 0.9111])",1
1,"tensor([0.2815, 0.7185])",1
1,"tensor([0.2649, 0.7351])",1
1,"tensor([0.0275, 0.9725])",1
1,"tensor([0.0381, 0.9619])",1
1,"tensor([0.4765, 0.5235])",1
1,"tensor([0.3152, 0.6848])",1
1,"tensor([0.0255, 0.9745])",1
1,"tensor([0.2548, 0.7452])",1
0,"tensor([0.6847, 0.3153])",1
1,"tensor([0.3786, 0.6214])",1
1,"tensor([0.1899, 0.8101])",1
1,"tensor([0.1475, 0.8525])",1
1,"tensor([0.3705, 0.6295])",1
1,"tensor([0.0855, 0.9145])",1
0,"tensor([0.7478, 0.2522])",1
1,"tensor([0.0191, 0.9809])",1
0,"tensor([0.5830, 0.4170])",1
1,"tensor([0.0448, 0.9552])",1
0,"tensor([0.8586, 0.1414])",1
1,"tensor([0.0023, 0.9977])",1
1,"tensor([0.1284, 0.8716])",1
1,"tensor([0.0427, 0.9573])",1
1,"tensor([0.0175, 0.9825])",1
1,"tensor([0.0530, 0.9470])",1
1,"tensor([0.0330, 0.9670])",1
0,"tensor([0.6020, 0.3980])",1
1,"tensor([0.3184, 0.6816])",1
1,"tensor([0.3582, 0.6418])",1
1,"tensor([0.3934, 0.6066])",1
1,"tensor([0.1849, 0.8151])",1
1,"tensor([0.3083, 0.6917])",1
0,"tensor([0.6959, 0.3041])",1
1,"tensor([0.4084, 0.5916])",1
1,"tensor([0.0646, 0.9354])",1
1,"tensor([0.1532, 0.8468])",1
1,"tensor([0.2934, 0.7066])",1
1,"tensor([0.4609, 0.5391])",1
1,"tensor([0.2362, 0.7638])",1
1,"tensor([0.0568, 0.9432])",1
1,"tensor([0.0241, 0.9759])",1
0,"tensor([0.7558, 0.2442])",1
0,"tensor([0.5288, 0.4712])",1
1,"tensor([0.1724, 0.8276])",1
1,"tensor([0.4216, 0.5784])",1
0,"tensor([0.7037, 0.2963])",1
0,"tensor([0.8807, 0.1193])",1
0,"tensor([0.6043, 0.3957])",1
1,"tensor([0.1594, 0.8406])",1
1,"tensor([0.1322, 0.8678])",1
0,"tensor([0.9473, 0.0527])",1
0,"tensor([0.8299, 0.1701])",1
1,"tensor([0.4043, 0.5957])",1
0,"tensor([0.8046, 0.1954])",1
1,"tensor([0.3535, 0.6465])",1
1,"tensor([0.4881, 0.5119])",1
0,"tensor([0.9502, 0.0498])",1
1,"tensor([0.1190, 0.8810])",1
1,"tensor([0.3544, 0.6456])",1
1,"tensor([0.0873, 0.9127])",1
1,"tensor([0.3174, 0.6826])",1
1,"tensor([0.3923, 0.6077])",1
1,"tensor([0.2164, 0.7836])",1
0,"tensor([0.8886, 0.1114])",1
1,"tensor([0.0214, 0.9786])",1
1,"tensor([0.2281, 0.7719])",1
1,"tensor([0.1152, 0.8848])",1
0,"tensor([0.8667, 0.1333])",1
1,"tensor([0.1924, 0.8076])",1
1,"tensor([0.2829, 0.7171])",1
1,"tensor([0.0594, 0.9406])",1
0,"tensor([0.7125, 0.2875])",1
1,"tensor([0.0722, 0.9278])",1
1,"tensor([0.1851, 0.8149])",1
1,"tensor([0.0464, 0.9536])",1
1,"tensor([0.4139, 0.5861])",1
1,"tensor([0.1230, 0.8770])",1
1,"tensor([0.1377, 0.8623])",1
1,"tensor([0.2545, 0.7455])",1
1,"tensor([0.2928, 0.7072])",1
1,"tensor([0.1407, 0.8593])",1
1,"tensor([0.3945, 0.6055])",1
0,"tensor([0.5291, 0.4709])",1
0,"tensor([0.6472, 0.3528])",1
1,"tensor([0.1277, 0.8723])",1
1,"tensor([0.0232, 0.9768])",1
0,"tensor([0.6915, 0.3085])",1
0,"tensor([0.5800, 0.4200])",1
1,"tensor([0.2878, 0.7122])",1
1,"tensor([0.4830, 0.5170])",1
1,"tensor([0.2368, 0.7632])",1
0,"tensor([0.7529, 0.2471])",1
0,"tensor([0.8932, 0.1068])",1
0,"tensor([0.7937, 0.2063])",1
1,"tensor([0.2387, 0.7613])",1
1,"tensor([0.0046, 0.9954])",1
1,"tensor([0.4075, 0.5925])",1
0,"tensor([0.5208, 0.4792])",1
1,"tensor([0.3294, 0.6706])",1
1,"tensor([0.0635, 0.9365])",1
1,"tensor([0.0307, 0.9693])",1
1,"tensor([0.2011, 0.7989])",1
1,"tensor([0.0285, 0.9715])",1
1,"tensor([0.3121, 0.6879])",1
1,"tensor([0.2375, 0.7625])",1
1,"tensor([0.1215, 0.8785])",1
1,"tensor([0.4856, 0.5144])",1
1,"tensor([0.2315, 0.7685])",1
1,"tensor([0.0383, 0.9617])",1
1,"tensor([0.1737, 0.8263])",1
1,"tensor([0.2205, 0.7795])",1
0,"tensor([0.8528, 0.1472])",1
1,"tensor([0.3111, 0.6889])",1
1,"tensor([0.2348, 0.7652])",1
1,"tensor([0.3326, 0.6674])",1
1,"tensor([0.0433, 0.9567])",1
1,"tensor([0.2405, 0.7595])",1
0,"tensor([0.5686, 0.4314])",1
0,"tensor([0.7343, 0.2657])",1
1,"tensor([0.2559, 0.7441])",1
1,"tensor([0.0915, 0.9085])",1
1,"tensor([0.3759, 0.6241])",1
1,"tensor([0.4422, 0.5578])",1
1,"tensor([0.2543, 0.7457])",1
1,"tensor([0.3872, 0.6128])",1
1,"tensor([0.1546, 0.8454])",1
1,"tensor([0.1704, 0.8296])",1
1,"tensor([0.3056, 0.6944])",1
1,"tensor([0.0913, 0.9087])",1
1,"tensor([0.3713, 0.6287])",1
1,"tensor([0.2531, 0.7469])",1
1,"tensor([0.1120, 0.8880])",1
1,"tensor([0.2090, 0.7910])",1
1,"tensor([0.3907, 0.6093])",1
1,"tensor([0.1219, 0.8781])",1
1,"tensor([0.2684, 0.7316])",1
1,"tensor([0.3145, 0.6855])",1
0,"tensor([0.6744, 0.3256])",1
1,"tensor([0.0108, 0.9892])",1
1,"tensor([0.1002, 0.8998])",1
1,"tensor([0.0364, 0.9636])",1
1,"tensor([0.1907, 0.8093])",1
1,"tensor([0.4201, 0.5799])",1
1,"tensor([0.0612, 0.9388])",1
1,"tensor([0.0715, 0.9285])",1
1,"tensor([0.0456, 0.9544])",1
1,"tensor([0.0183, 0.9817])",1
1,"tensor([0.1676, 0.8324])",1
1,"tensor([0.0751, 0.9249])",1
1,"tensor([0.4871, 0.5129])",1
1,"tensor([0.2679, 0.7321])",1
0,"tensor([0.7530, 0.2470])",1
1,"tensor([0.0839, 0.9161])",1
1,"tensor([0.0504, 0.9496])",1
1,"tensor([0.2853, 0.7147])",1
0,"tensor([0.7436, 0.2564])",1
1,"tensor([0.3671, 0.6329])",1
1,"tensor([0.0356, 0.9644])",1
1,"tensor([0.0041, 0.9959])",1
1,"tensor([0.1475, 0.8525])",1
1,"tensor([0.1802, 0.8198])",1
0,"tensor([0.5408, 0.4592])",1
1,"tensor([0.3853, 0.6147])",1
1,"tensor([0.1148, 0.8852])",1
1,"tensor([0.1784, 0.8216])",1
0,"tensor([0.5806, 0.4194])",1
1,"tensor([0.4559, 0.5441])",1
1,"tensor([0.0374, 0.9626])",1
0,"tensor([0.8815, 0.1185])",1
1,"tensor([0.2977, 0.7023])",1
0,"tensor([0.6543, 0.3457])",1
1,"tensor([0.3604, 0.6396])",1
1,"tensor([0.1879, 0.8121])",1
0,"tensor([0.7675, 0.2325])",1
1,"tensor([0.0589, 0.9411])",1
1,"tensor([0.0576, 0.9424])",1
1,"tensor([0.0692, 0.9308])",1
1,"tensor([0.3982, 0.6018])",1
1,"tensor([0.1005, 0.8995])",1
1,"tensor([0.1653, 0.8347])",1
1,"tensor([0.3896, 0.6104])",1
1,"tensor([0.4521, 0.5479])",1
0,"tensor([0.5902, 0.4098])",1
1,"tensor([0.2525, 0.7475])",1
1,"tensor([0.0123, 0.9877])",1
1,"tensor([0.0259, 0.9741])",1
0,"tensor([0.6487, 0.3513])",1
1,"tensor([0.1333, 0.8667])",1
0,"tensor([0.8617, 0.1383])",1
0,"tensor([0.5210, 0.4790])",1
1,"tensor([0.1416, 0.8584])",1
0,"tensor([0.9720, 0.0280])",1
1,"tensor([0.2461, 0.7539])",1
1,"tensor([0.1587, 0.8413])",1
0,"tensor([0.5959, 0.4041])",1
1,"tensor([0.3486, 0.6514])",1
1,"tensor([0.1529, 0.8471])",1
1,"tensor([0.0916, 0.9084])",1
0,"tensor([0.7549, 0.2451])",1
1,"tensor([0.0211, 0.9789])",1
0,"tensor([0.7179, 0.2821])",1
1,"tensor([0.0888, 0.9112])",1
0,"tensor([0.5895, 0.4105])",1
1,"tensor([0.0088, 0.9912])",1
0,"tensor([0.7586, 0.2414])",1
1,"tensor([0.4585, 0.5415])",1
1,"tensor([0.0703, 0.9297])",1
0,"tensor([0.7414, 0.2586])",1
1,"tensor([0.4808, 0.5192])",1
1,"tensor([0.1344, 0.8656])",1
0,"tensor([0.6620, 0.3380])",1
0,"tensor([0.8080, 0.1920])",1
1,"tensor([0.3983, 0.6017])",1
1,"tensor([0.1298, 0.8702])",1
1,"tensor([0.0426, 0.9574])",1
1,"tensor([0.0380, 0.9620])",1
1,"tensor([0.0556, 0.9444])",1
1,"tensor([0.2998, 0.7002])",1
1,"tensor([0.1719, 0.8281])",1
1,"tensor([0.0143, 0.9857])",1
1,"tensor([0.0076, 0.9924])",1
1,"tensor([0.1359, 0.8641])",1
0,"tensor([0.6330, 0.3670])",1
0,"tensor([0.9294, 0.0706])",1
1,"tensor([0.2999, 0.7001])",1
0,"tensor([0.5015, 0.4985])",1
0,"tensor([0.7377, 0.2623])",1
0,"tensor([0.5750, 0.4250])",1
0,"tensor([0.6848, 0.3152])",1
1,"tensor([0.0874, 0.9126])",1
1,"tensor([0.0514, 0.9486])",1
1,"tensor([0.0479, 0.9521])",1
1,"tensor([0.3347, 0.6653])",1
1,"tensor([0.0520, 0.9480])",1
1,"tensor([0.0844, 0.9156])",1
1,"tensor([0.0937, 0.9063])",1
0,"tensor([0.5241, 0.4759])",1
1,"tensor([0.4809, 0.5191])",1
1,"tensor([0.1493, 0.8507])",1
1,"tensor([0.0096, 0.9904])",1
1,"tensor([0.0177, 0.9823])",1
1,"tensor([0.3038, 0.6962])",1
1,"tensor([0.4290, 0.5710])",1
1,"tensor([0.0248, 0.9752])",1
0,"tensor([0.8028, 0.1972])",1
1,"tensor([0.0198, 0.9802])",1
1,"tensor([0.2975, 0.7025])",1
1,"tensor([0.3916, 0.6084])",1
1,"tensor([0.4001, 0.5999])",1
0,"tensor([0.9023, 0.0977])",1
1,"tensor([0.1680, 0.8320])",1
1,"tensor([0.1765, 0.8235])",1
0,"tensor([0.5991, 0.4009])",1
1,"tensor([0.3119, 0.6881])",1
1,"tensor([0.0944, 0.9056])",1
1,"tensor([0.1023, 0.8977])",1
1,"tensor([0.3937, 0.6063])",1
1,"tensor([0.1191, 0.8809])",1
0,"tensor([0.8379, 0.1621])",1
1,"tensor([0.1281, 0.8719])",1
1,"tensor([0.2160, 0.7840])",1
0,"tensor([0.8037, 0.1963])",1
1,"tensor([0.0277, 0.9723])",1
1,"tensor([0.1382, 0.8618])",1
0,"tensor([0.8655, 0.1345])",1
0,"tensor([0.5429, 0.4571])",1
1,"tensor([0.0646, 0.9354])",1
1,"tensor([0.1815, 0.8185])",1
1,"tensor([0.0748, 0.9252])",1
0,"tensor([0.6661, 0.3339])",1
1,"tensor([0.4356, 0.5644])",1
1,"tensor([0.4269, 0.5731])",1
1,"tensor([0.0806, 0.9194])",1
0,"tensor([0.6293, 0.3707])",1
1,"tensor([0.0346, 0.9654])",1
1,"tensor([0.0397, 0.9603])",1
1,"tensor([0.1000, 0.9000])",1
0,"tensor([0.9202, 0.0798])",1
0,"tensor([0.6842, 0.3158])",1
0,"tensor([0.7517, 0.2483])",1
1,"tensor([0.2246, 0.7754])",1
0,"tensor([0.9589, 0.0411])",1
1,"tensor([0.1472, 0.8528])",1
1,"tensor([0.0222, 0.9778])",1
1,"tensor([0.4159, 0.5841])",1
0,"tensor([0.7913, 0.2087])",1
1,"tensor([0.1715, 0.8285])",1
1,"tensor([0.1259, 0.8741])",1
1,"tensor([0.3853, 0.6147])",1
1,"tensor([0.2977, 0.7023])",1
1,"tensor([0.2286, 0.7714])",1
1,"tensor([0.0528, 0.9472])",1
0,"tensor([0.8448, 0.1552])",1
1,"tensor([0.1746, 0.8254])",1
0,"tensor([0.8346, 0.1655])",1
1,"tensor([0.1257, 0.8743])",1
1,"tensor([0.1219, 0.8781])",1
1,"tensor([0.1034, 0.8966])",1
1,"tensor([0.1100, 0.8900])",1
0,"tensor([0.6046, 0.3954])",1
0,"tensor([0.6741, 0.3259])",1
1,"tensor([0.2652, 0.7348])",1
1,"tensor([0.3876, 0.6124])",1
1,"tensor([0.4249, 0.5751])",1
1,"tensor([0.2879, 0.7121])",1
1,"tensor([0.2603, 0.7397])",1
1,"tensor([0.2073, 0.7927])",1
1,"tensor([0.3417, 0.6583])",1
0,"tensor([0.8006, 0.1994])",1
1,"tensor([0.0465, 0.9535])",1
1,"tensor([0.1579, 0.8421])",1
1,"tensor([0.1399, 0.8601])",1
0,"tensor([0.5103, 0.4897])",1
1,"tensor([0.3374, 0.6626])",1
1,"tensor([0.4125, 0.5875])",1
1,"tensor([0.1372, 0.8628])",1
0,"tensor([0.9239, 0.0761])",1
1,"tensor([0.2582, 0.7418])",1
1,"tensor([0.2308, 0.7692])",1
1,"tensor([0.2039, 0.7961])",1
1,"tensor([0.1374, 0.8626])",1
1,"tensor([0.0378, 0.9622])",1
0,"tensor([0.8265, 0.1735])",1
1,"tensor([0.3082, 0.6918])",1
0,"tensor([0.7502, 0.2498])",1
1,"tensor([0.0271, 0.9729])",1
0,"tensor([0.6901, 0.3099])",1
1,"tensor([0.0643, 0.9357])",1
1,"tensor([0.1063, 0.8937])",1
1,"tensor([0.3612, 0.6388])",1
0,"tensor([0.9340, 0.0660])",1
1,"tensor([0.3431, 0.6569])",1
0,"tensor([0.8201, 0.1799])",1
0,"tensor([0.9643, 0.0357])",1
1,"tensor([0.1078, 0.8922])",1
0,"tensor([0.5054, 0.4946])",1
0,"tensor([0.6563, 0.3437])",1
1,"tensor([0.0284, 0.9716])",1
1,"tensor([0.2906, 0.7094])",1
1,"tensor([0.1798, 0.8202])",1
1,"tensor([0.3326, 0.6674])",1
1,"tensor([0.0826, 0.9174])",1
1,"tensor([0.3928, 0.6072])",1
1,"tensor([0.0699, 0.9301])",1
1,"tensor([0.1068, 0.8932])",1
1,"tensor([0.1268, 0.8732])",1
0,"tensor([0.6950, 0.3050])",1
